vel_max_go10coh,acc_max_go10coh,total_dist_go10coh,vel_max_nogo10coh,acc_max_nogo10coh,total_dist_nogo10coh,vel_max_go50coh,acc_max_go50coh,total_dist_go50coh,vel_max_nogo50coh,acc_max_nogo50coh,total_dist_nogo50coh,vel_max_go80coh,acc_max_go80coh,total_dist_go80coh,vel_max_nogo80coh,acc_max_nogo80coh,total_dist_nogo80coh,vel_max_go,acc_max_go,total_dist_go,vel_max_nogo,acc_max_nogo,total_dist_nogo,meanRT_go.y,meanRT_stop.y,sdRT_go.y,sdRT_nogo.y,dda,stop_accuracy.y,meanRT_go_10.y,meanRT_go_50.y,meanRT_go_80.y,meanRT_stop_10.y,meanRT_stop_50.y,meanRT_stop_80.y,Gender,Age,A,B,C,D,E,F,G,H,IN,vol,go_acc,ssrt_integ,ssrt0.1,ssrt0.5,ssrt0.8,meanITGo,meanmt
9.264457351,275.4956301,0.435055459,6.132147112,210.2762412,0.364114911,7.713464104,234.5962595,0.581059366,5.281258415,137.8387982,0.303726114,8.870556139,246.2404393,0.47064552,6.798970332,283.301459,0.248834416,17.88390549,426.457371,1.890542274,5.440835868,160.4050812,0.263832585,1.987283564,1.72115888,0.240781815,0.42183763,0.398148148,0.541666667,1.99430813,1.976065761,1.988794755,1.587736334,1.660631028,1.900875672,male,20,20,14,10,11,11,4,15,14,9,0,0.777777778,1.003433673,1.021414176,0.970841963,1.019283504,0.999669111,0.973793949
4.99346346,237.5986185,0.526444783,4.533504896,108.7407343,0.337526579,5.224130284,179.8676813,0.47283329,5.034354,127.6304272,0.272119647,5.375006481,162.7650295,0.402480978,4.078644709,109.3272758,0.326888566,12.29169351,299.4075704,2.087339793,4.712471523,106.5471649,0.345063719,1.226207757,0.900580642,0.307895148,0.17542942,0.49537037,0.458333333,1.211291337,1.251251415,1.213673345,0.910000233,0.851520731,0.925914472,male,19,18,28,11,11,15,17,32,18,5,0,0.962962963,NA,NA,NA,NA,0.221256103,1.024304534
4.820934511,143.1533819,0.529086649,3.789185846,88.56453373,0.230797442,4.442863998,127.0321681,0.50842147,4.237381162,140.907811,0.286778188,4.104343666,122.3120721,0.475983361,4.161834044,126.8842592,0.327369168,11.52851244,270.3875956,2.031976904,3.972584137,107.9247093,0.269376063,1.671191918,1.370356928,0.355847186,0.356270459,0.444444444,0.527777778,1.727677461,1.676901339,1.606650176,1.338267873,1.452392203,1.328939386,male,20,9,15,3,1,5,4,9,5,6,0,0.854166667,1.053155449,1.15929577,0.985391862,0.931519932,0.67168436,1.064279853
5.798009611,187.6839553,0.396815264,5.373254523,158.0993971,0.274723084,5.988877063,182.1071185,0.791975462,4.692935823,144.6003322,0.324808327,7.157235046,196.36237,1.278890258,5.559278939,148.3495342,0.259524703,13.69930553,305.0377673,2.05008674,4.792554823,116.471728,0.25424314,1.285673594,0.931597306,0.299079684,0.15718129,0.444444444,0.479166667,1.27838901,1.28301209,1.297253691,0.918864334,0.912813173,0.965120585,female,19,3,27,11,5,9,17,26,12,12,0,0.94212963,1.04578477,1.084636787,0.997554598,1.040744947,0.430332607,0.88043582
4.124788918,121.9233156,0.273557883,4.248617336,123.6738899,0.201032954,4.194772848,128.1347058,0.243076605,3.707403136,91.98563179,0.186934991,4.421609041,137.801773,0.258465334,3.887551837,99.15163998,0.217597608,11.70422339,260.9124452,1.876346406,3.807057243,97.34085282,0.215443723,2.074792427,1.974480192,0.123003288,0.232316451,0.418981481,0.541666667,2.077515911,2.067705366,2.079781692,1.98155531,2.028339316,1.93480398,male,18,27,30,19,13,18,15,33,22,9,0,0.8125,0.977910588,0.955367611,0.966709863,1.012539743,1.288550587,0.81942313
10.64552543,564.5105386,1.105761774,7.343313594,240.7149114,0.398790695,8.901104883,505.6524788,1.172116102,6.383609224,304.0280926,0.34547863,8.909220332,477.80168,1.13498747,5.630608232,182.6910682,0.373267779,13.18782536,393.9118561,1.909242292,5.850189364,176.5434572,0.366309562,1.766223963,1.309899005,0.388597561,0.409565491,0.233796296,0.486111111,1.732883469,1.822400506,1.743688389,1.310153246,1.392684212,1.22339958,male,18,12,22,14,2,10,12,22,12,8,0,0.523148148,1.398878733,1.309288312,1.543470848,1.401971083,0.806551265,1.221517337
13.5818559,219.0408825,0.591653095,5.637530462,144.0431626,0.281368606,6.92619449,199.0399394,0.7620983,5.727181046,140.1856891,0.361266341,6.186306979,179.1460274,0.738995672,5.88644636,181.3225629,0.331776892,16.06501915,363.3035812,2.137122833,5.300654945,132.2377435,0.298849005,1.739343546,1.333678902,0.371490919,0.31265945,0.372685185,0.493055556,1.749818255,1.729623865,1.737726823,1.329496503,1.31722939,1.348051071,female,18,8,14,5,6,6,5,11,7,8,0,0.715277778,1.481415627,1.387087666,1.426979881,1.522852994,0.946176148,0.94180384
7.220657863,237.7118953,0.4781977,5.793147431,184.8106594,0.288836418,7.299759303,235.0661085,0.562254366,7.000357054,235.6958299,0.300020419,7.381477167,227.7361152,0.479782646,6.476167745,213.5972621,0.285410584,16.13057273,379.1442841,2.081207284,5.825853437,158.0095147,0.282548841,1.657909694,1.352471576,0.334713802,0.359450864,0.391203704,0.513888889,1.683809346,1.629727927,1.665184047,1.402415724,1.326589373,1.322173344,female,20,30,30,20,18,21,21,42,25,7,0,0.835648148,1.110916138,1.171375942,1.09637452,1.074147338,0.879164626,0.885679903
5.193052652,157.9715729,0.553721986,4.308037942,105.837733,0.211398014,8.247473428,147.1435758,0.469740719,5.030996763,150.5946409,0.246356284,4.894642487,173.9098554,0.396729372,4.353513041,128.5188975,0.211143623,14.21079343,318.995231,2.026447013,3.713617014,94.26230598,0.20818735,1.92261603,1.713210749,0.324285882,0.44282567,0.414351852,0.5625,1.928361841,1.912269495,1.925908753,1.70477407,1.761969918,1.681640307,female,22,13,17,23,10,8,11,19,16,9,0,0.715277778,1.169384676,1.090932172,1.178267059,1.228562609,1.124053703,0.908868088
5.957834762,233.4365512,0.567995004,5.214764785,157.6464805,0.215544715,5.686681729,186.4083046,0.625351905,5.414817893,161.5174314,0.288703059,5.331791306,171.1683265,0.501432922,6.310323493,217.1386922,0.22683965,12.74145321,319.773217,1.881394461,6.954733609,190.8205919,0.317712286,1.359476575,1.271092405,0.34936547,0.401117591,0.543981481,0.333333333,1.368864581,1.357019794,1.352357338,1.316338591,1.249001057,1.238703297,male,18,9,25,17,0,11,17,28,16,17,0,0.875,NA,NA,NA,NA,0.535577977,0.874545268
4.06583983,152.8020643,0.572780512,4.227415668,125.9436522,0.29483392,4.091202508,134.2064938,0.441182939,2.653415392,75.31210939,0.197846982,5.122503202,197.0774045,0.311925646,3.927421404,143.4337513,0.222251503,11.54669429,289.6782329,2.013700319,3.382584522,94.7101201,0.243409532,1.65523793,1.403325388,0.402328011,0.475295095,0.444444444,0.541666667,1.724032929,1.629391819,1.626287474,1.328572114,1.394705582,1.492710601,female,18,8,13,8,10,6,7,13,12,6,0,0.930555556,1.252747377,1.378855082,1.270365019,1.20140708,0.794497457,0.909504504
12.58056455,237.378046,0.972998697,4.988803023,142.4962159,0.245131662,11.80250066,226.5647924,0.948539973,5.570665682,208.7643007,0.270058986,10.69021681,229.3580988,0.972753542,3.798906157,108.2239429,0.235840996,9.474708436,204.4385724,1.375483882,4.191202295,106.8152583,0.257925641,1.16205973,0.912813422,0.342571555,0.295586976,0.300925926,0.458333333,1.233400263,1.137198343,1.108103202,0.925918519,0.887530914,0.925164774,male,19,17,22,10,5,12,14,26,12,7,0,0.62962963,0.507156801,0.565946514,0.425504023,0.517887972,0.750561835,1.001411986
5.275307396,165.4118855,0.533930838,4.006917123,110.411504,0.205270546,3.987672671,140.8202773,0.497676115,3.983721868,121.0076166,0.397591026,3.982997627,101.6304952,0.480247465,3.328535383,89.57293911,0.223770465,10.11211492,236.4085546,2.064635447,3.542468555,85.44051018,0.245587901,1.244025607,1.003457806,0.304589122,0.272944412,0.493055556,0.465277778,1.267227787,1.214941973,1.250572956,1.092324213,0.988132124,0.92764661,female,18,20,20,22,12,8,9,17,22,8,0,0.965277778,NA,NA,NA,NA,0.316912785,0.953771563
6.686932899,177.5968003,0.911615985,4.483517321,126.1830644,0.263289047,6.841830624,181.2225832,0.903744338,3.441098349,90.37147136,0.227953061,6.367610114,162.1180061,0.848260839,3.711185056,105.1759398,0.282113732,9.260860673,206.7283308,1.543436719,3.581339146,88.02684157,0.26080277,2.050635089,2.010759504,0.184398182,0.316505372,0.166666667,0.548611111,2.068736434,2.087926111,2.006491239,2.047045001,1.913727575,2.049331466,male,18,2,8,2,0,2,4,6,4,7,0,0.331018519,0.895320813,0.936926267,0.888192462,0.824316868,0.810098189,1.341800196
8.670710954,167.4846971,0.652110146,4.193162723,114.6331385,0.330358017,3.874595048,134.2712837,0.277092582,4.660168673,166.7963011,0.206270131,8.867599135,154.5291762,0.362365142,4.001625718,135.5830989,0.245712309,11.81555504,268.175434,1.916656631,3.842314721,108.0979685,0.251007359,1.946933035,1.728034962,0.399607958,0.485230061,0.365740741,0.541666667,1.904246133,1.995281121,1.951766869,1.637203981,1.915619421,1.704560024,male,19,6,18,11,11,9,12,21,13,9,0,0.777777778,1.084840012,1.107674076,1.022790089,1.103015221,0.946932628,1.085785006
7.60058431,159.6622568,0.568682226,4.113246673,124.0741301,0.3139622,5.621754309,181.0543486,0.543955509,4.574147254,117.5761207,0.350053861,6.555766877,175.1602991,0.665799502,4.502725535,112.0762971,0.273074215,12.31422138,262.7557628,2.219426441,5.552609061,113.0186441,0.375666626,1.24388642,0.855796288,0.330638378,0.272213601,0.472222222,0.263888889,1.260329972,1.256118655,1.206350712,0.842652142,0.868266392,0.855390109,female,19,15,21,11,4,8,11,19,18,8,0,0.969907407,NA,NA,NA,NA,0.171791872,1.085363744
7.815379496,295.3447656,0.459732856,6.656646542,207.055686,0.362491875,7.939765352,272.9886701,0.569262985,6.474590304,192.3464783,0.230985243,7.65703942,265.2982418,0.519694445,6.500654681,200.3889052,0.275111142,19.2383977,489.9565741,2.197014087,5.769306045,170.5501183,0.270225348,1.668181536,1.483812695,0.425260376,0.515453211,0.476851852,0.548611111,1.684156556,1.66307042,1.653145824,1.581975769,1.4040592,1.422165382,male,18,12,29,22,7,16,20,36,17,7,0,0.87962963,0.923343436,1.002819088,0.783300089,1.043243738,0.939539884,0.813397763
10.98040421,287.072494,1.40149192,6.477978973,190.5000979,0.313315752,8.068282469,255.5338555,0.769557393,7.063162877,221.9612749,0.266358336,9.010720972,249.8300844,0.870758477,5.214557985,166.8393704,0.213153815,17.51221065,432.4189119,2.138581305,5.237355583,143.1316371,0.246719143,1.88951628,1.671458479,0.362161847,0.50860803,0.405092593,0.520833333,1.885754914,1.951735569,1.830906382,1.628693544,1.711090133,1.684168642,male,18,10,16,16,15,10,9,19,18,6,0,0.678240741,1.015199412,1.014641017,1.04547719,1.000596042,1.176175842,0.909944441
5.540898185,173.999027,0.613252332,3.796510085,106.2409716,0.265413106,4.735363583,129.5069821,0.514040265,4.598272505,168.2060776,0.231823879,5.695136177,146.226006,0.72757306,3.408007597,88.08573047,0.274794937,10.69496249,246.9402385,2.04496979,4.667287679,119.1692369,0.340250997,1.443604967,1.06089167,0.350232345,0.205892195,0.469907407,0.368055556,1.477546364,1.411681662,1.443245476,1.12505726,1.034845039,1.023254584,female,18,5,14,11,7,8,6,14,14,3,0,0.842592593,NA,NA,NA,NA,0.384338659,1.124699877
4.39926646,122.7338552,0.449734301,3.239698345,88.09920901,0.220011428,9.101451183,169.180396,0.483501206,3.823229674,121.3963505,0.306258967,5.937212375,151.7426359,0.447194747,3.179709939,113.7113438,0.260699264,11.92276809,249.4721447,2.171592495,3.768092092,87.04252312,0.317890917,1.191203388,0.884307412,0.296315088,0.285105422,0.479166667,0.451388889,1.193150128,1.216974277,1.16044925,0.966040011,0.807562307,0.878920918,female,18,15,20,16,6,15,12,27,14,3,0,0.972222222,NA,NA,NA,NA,0.153794999,1.056649609
5.119633823,194.143818,0.766638985,5.98129942,187.4118415,0.234552707,5.498153178,198.7558824,0.551207377,5.89734771,194.1132226,0.230320051,5.412380376,194.8058064,0.689870503,6.518222053,255.9906398,0.26824604,15.88960791,410.3064829,2.044783425,5.463333348,157.3125499,0.230954559,1.909518952,1.779018317,0.275744447,0.353172661,0.43287037,0.534722222,1.914016122,1.909747204,1.904803201,1.70145509,1.85784182,1.791671008,male,22,21,31,23,9,17,22,39,22,8,0,0.80787037,0.994270759,1.0720788,0.967148498,0.921991332,1.332692258,0.604411215
4.648673484,151.7836898,0.50641003,3.8230957,109.7071094,0.22282744,4.623122511,165.5409278,0.42261363,4.768151611,160.0993627,0.217455479,4.223388084,128.668851,0.35140168,4.031934997,124.9298483,0.189687324,12.25496384,289.9799463,2.08894559,6.086367388,146.7938178,0.342341699,1.152034762,0.968405064,0.256001553,0.180987011,0.527777778,0.229166667,1.15268039,1.162402267,1.141327781,0.952625461,0.991135506,0.96490864,male,18,16,22,9,4,11,10,21,14,7,0,0.993055556,NA,NA,NA,NA,0.281907734,0.87245209
3.51721432,125.9044284,0.180681215,3.962816578,104.9208673,0.254715017,3.363985545,97.75121678,0.415811557,4.398122464,186.9269754,0.223014329,3.145197062,131.6430366,0.260058582,3.862477979,147.2804803,0.203932777,9.36998767,233.5436264,1.887497495,3.585610808,105.6439602,0.232442196,1.818907103,1.62112358,0.301329339,0.397668352,0.50462963,0.527777778,1.825154689,1.788465797,1.840202707,1.705629802,1.565243495,1.600676341,male,19,23,30,20,9,17,19,36,13,8,0,0.886574074,1.114093245,1.146477802,1.03540998,1.156980397,1.006764076,0.854565218
10.2314998,173.5683737,0.903575363,3.891345157,112.0614114,0.305762415,10.13472802,194.1717336,0.904101537,3.532275335,92.56266009,0.265076356,5.453290949,124.1092066,0.677675746,4.799244789,179.2187536,0.352372075,11.02848462,245.3488816,2.244695175,4.340647371,104.527441,0.346214252,1.43921984,1.228781479,0.40024741,0.515557987,0.405092593,0.416666667,1.491363973,1.443484219,1.384443337,1.323847797,1.203687898,1.163100166,female,18,5,22,10,7,5,9,14,15,8,0,0.803240741,NA,NA,NA,NA,0.334477394,1.205809892
6.388909621,274.0047657,0.741316231,5.216645898,194.1539881,0.434453454,6.138056597,196.627786,0.58796552,4.287974545,109.4618014,0.212445545,7.180352346,241.4051987,0.651365336,5.359031208,175.0691164,0.275678635,13.92913841,351.3038337,1.830457548,4.121932495,113.9957766,0.2460166,1.913903509,1.798060302,0.334694924,0.513939147,0.24537037,0.583333333,1.878448711,1.927855157,1.929392551,1.752522588,2.010610175,1.617550982,female,18,9,24,7,9,9,8,17,17,8,0,0.530092593,0.79042165,0.766302715,0.728045055,0.868687309,1.091801179,1.00409199
11.5730532,251.2206051,0.45854243,5.952415093,149.0327783,0.35393832,5.617021294,198.3045802,0.342984957,6.15480312,182.2630504,0.266370262,8.725205987,217.6327229,0.37880319,6.57459546,173.237724,0.325913489,16.17902581,380.3438255,2.008320666,6.035150211,140.0903208,0.319545448,0.893968793,0.791527678,0.290832178,0.235877211,0.497685185,0.458333333,0.862081531,0.92717501,0.890169201,0.890061337,0.719256111,0.772651799,male,18,26,17,14,16,20,12,32,22,11,0,0.976851852,NA,NA,NA,NA,0.180919672,0.735811809
6.175492314,175.3203963,0.482777824,4.870015624,134.6069495,0.236384159,5.958639162,164.9254334,0.516112502,5.217169175,144.9553785,0.234912054,6.902008107,223.5008152,0.4774452,5.787908793,186.2709664,0.286889747,13.61442273,311.8327532,2.039353616,5.218664706,133.2812534,0.293887802,1.388418639,1.182113734,0.374043749,0.461350052,0.446759259,0.465277778,1.372973382,1.391817579,1.401938578,1.117766346,1.306278696,1.134984446,male,27,10,19,17,6,8,10,18,15,4,0,0.956018519,1.344770326,1.269705231,1.528297485,1.266298155,0.377553001,1.047223341
12.76135529,255.952011,1.48044545,6.025197205,156.3628255,0.299385531,7.099315755,191.9717716,1.599825081,6.387602303,196.183646,0.302382036,9.311725509,168.0753702,0.850416452,5.009874596,158.5102951,0.323390034,13.55430439,309.8783181,2.224225989,6.724171935,163.080908,0.369107062,1.225246142,0.894115317,0.334194615,0.338846894,0.344907407,0.354166667,1.233906051,1.252148276,1.195029295,0.772837063,0.896822271,0.984689959,female,21,34,24,26,16,23,21,44,29,6,0,0.715277778,NA,NA,NA,NA,0.224445658,1.092585643
5.379441943,148.4662925,0.570303008,2.985512085,101.706309,0.179083519,5.439876247,110.2371742,0.559815417,2.872109132,98.48530896,0.14198901,5.998266743,114.5000562,0.654000037,3.524889548,107.6464086,0.173234202,10.02262047,227.2367075,2.122122463,5.725885828,143.1492036,0.428984647,1.253881782,1.011519546,0.32646773,0.253288,0.5625,0.055555556,1.217037613,1.30562726,1.236518692,1.013498142,1.025247494,0.995388186,female,19,17,18,19,14,18,11,29,23,6,0,0.956018519,NA,NA,NA,NA,0.242740133,1.056347934
6.333906987,245.4865194,0.429000764,6.151564269,213.7068981,0.22955476,6.968048205,258.3502392,0.435765395,6.11035133,215.1846142,0.211320211,5.384789663,185.0028172,0.397532554,5.08069987,121.7237235,0.239791419,15.41152245,382.844601,2.032484876,5.056725976,146.1634149,0.223839262,1.880259749,1.636299806,0.237842254,0.277540073,0.449074074,0.527777778,1.856993745,1.893607795,1.885286762,1.641718426,1.606956787,1.66952814,male,18,21,22,10,10,18,16,34,14,9,0,0.907407407,1.039246856,1.003219323,1.041035211,1.035438343,0.986473032,0.92934488
11.6244341,305.3333062,2.20412761,7.134193563,205.2589343,0.590929342,12.94480867,369.6511988,2.206137424,8.736356374,293.9850617,0.489438324,15.10886917,252.5976933,1.653947746,8.501843975,206.8771907,0.849567551,12.34136693,285.2174571,2.11078346,7.889616082,204.7522899,0.603994835,1.34087113,1.197081543,0.384385063,0.479125978,0.231481481,0.347222222,1.359253801,1.384952578,1.287149683,1.117401532,1.183647486,1.272724288,female,19,17,32,27,5,18,23,41,25,8,0,0.506944444,NA,NA,NA,NA,0.816068296,1.199183438
2.802559614,92.06264803,0.291229013,3.303193765,97.12450869,0.198104605,6.228957796,92.73753905,0.418128282,3.815932475,103.0855163,0.225894921,3.750301152,101.0230201,0.383292515,3.748958647,108.4701497,0.203661327,10.2634139,220.2776645,1.957897149,3.560497138,84.48703983,0.233281825,1.496691344,1.165711284,0.331373231,0.230488334,0.474537037,0.5,1.495738167,1.472698958,1.520411038,1.191742965,1.161257237,1.144440977,female,18,8,17,12,8,1,8,9,9,5,0,0.962962963,1.065811735,1.046849473,1.157162512,0.929682041,0.683965347,0.837805627
6.327782754,189.1164851,0.601039411,4.79643188,133.8891154,0.266652386,9.280310588,200.6801705,0.376099158,4.551923808,122.1151612,0.311235971,9.584086451,174.1903477,0.522834763,5.617177939,143.4753584,0.386038919,14.8597582,319.7975888,2.100367742,4.729020364,107.4864641,0.285436,1.107646105,0.918366734,0.363133407,0.201993679,0.5,0.479166667,1.08320896,1.135386661,1.100069251,0.899979822,0.885608978,0.986894298,male,21,16,27,11,9,7,11,18,18,9,0,0.965277778,NA,NA,NA,NA,0.231727235,0.8978228
4.932082874,140.1066601,0.746590125,4.145367848,122.750922,0.251302388,5.300538584,129.6359981,0.741740287,3.321493109,96.15201086,0.255860371,9.691528218,126.1248953,0.893890649,3.393712219,105.3495585,0.236462274,11.0151451,232.6261368,2.168503957,3.892998014,91.55598785,0.276984835,1.099795202,0.843747866,0.268114958,0.23636918,0.37962963,0.416666667,1.089484968,1.05948441,1.147858042,0.845377024,0.808613943,0.868238364,female,18,23,20,9,4,18,13,31,11,9,0,0.805555556,NA,NA,NA,NA,0.231243738,0.978790776
3.231330094,101.8970468,0.274523823,3.43015869,81.23928524,0.205086361,3.258533149,98.01559301,0.359780175,3.137492876,84.51747067,0.29233656,3.494145398,115.5191291,0.386590015,3.6674759,120.0904757,0.367865998,9.883959779,218.5399197,1.881420892,3.460853795,84.11116374,0.274273554,1.926140969,1.493191109,0.285904676,0.426637747,0.409722222,0.527777778,1.932223402,1.93050541,1.916071249,1.405883908,1.415650102,1.642674267,male,18,17,14,15,4,8,9,17,14,6,0,0.831018519,1.313855346,1.319875429,1.398441035,1.250405204,0.781040954,1.183885341
14.61127057,367.3590371,1.005629311,9.100008649,344.6359391,0.269077998,11.75990385,406.9761225,0.918452802,7.772777033,317.3289445,0.298319888,11.53138636,342.5652541,0.995385171,7.148918625,252.7158876,0.25864392,16.0035629,411.5746652,1.583518876,6.673083125,216.1945625,0.278271673,1.744419927,1.468669038,0.465623312,0.536941688,0.263888889,0.520833333,1.720090929,1.718338251,1.790994938,1.539641069,1.448797983,1.417568062,male,18,12,19,9,4,9,8,17,13,6,0,0.539351852,0.682484055,0.67659678,0.705801876,0.62835779,1.025897102,1.080911205
6.068231806,158.4199252,0.474281402,5.339569824,155.092621,0.250336642,6.728107988,200.4143376,0.501673692,4.638566762,121.0123245,0.266743571,5.176299996,156.6224698,0.389100324,4.297390289,108.1887276,0.221528073,13.70603611,306.0688262,2.127501207,4.586081248,114.5901038,0.257164022,1.629937454,1.239172671,0.365433057,0.32812496,0.428240741,0.5,1.654905783,1.617321399,1.620688637,1.256998093,1.183395034,1.266363587,female,19,12,12,18,9,11,10,21,16,7,0,0.856481481,1.161468803,1.315902529,1.061802021,1.185939162,0.717699887,0.985588847
5.022631327,140.7294931,0.568703269,4.111421579,120.4303047,0.219526683,8.90455166,161.8807807,0.661811607,4.624040872,165.2245286,0.243247789,5.048673096,180.6620147,0.488671682,3.833826554,129.5907957,0.22879243,11.76826396,269.3026766,1.832908012,5.002363247,134.4869085,0.28902096,1.215882318,1.071410226,0.266374402,0.3421902,0.43287037,0.465277778,1.221398766,1.217486995,1.208980304,1.082179461,1.105707198,1.032397432,male,21,28,26,19,10,22,14,36,23,5,0,0.884259259,1.087205484,0.995439881,1.088638242,1.146213384,0.395178653,0.86084063
4.343585198,155.9095085,0.410063053,4.048911833,118.6579459,0.210786137,4.453678575,140.6822836,0.279749764,3.807289532,95.0457432,0.274295666,3.623012373,113.633688,0.299579563,3.66625101,80.21754046,0.220090336,11.71989045,265.2972263,1.970513068,3.544382243,82.09560801,0.244810767,1.859129025,1.630676368,0.309596944,0.340995018,0.4375,0.527777778,1.854230167,1.868185658,1.855113676,1.593435658,1.717849871,1.575990549,female,20,6,19,4,5,4,9,13,8,8,0,0.895833333,1.096290705,1.124522072,1.146245904,1.057430445,0.806853424,1.094273789
7.199168013,159.348258,0.432372764,3.569631816,140.9797523,0.248135521,3.640883205,159.0592141,0.313991121,3.919703019,108.8623668,0.334449295,3.618303457,128.0131056,0.40571855,4.623418956,144.0835895,0.274830844,10.52513432,255.3624046,2.056266668,3.976688163,100.0564258,0.310080469,1.265023773,0.956150547,0.368808618,0.241532591,0.472222222,0.465277778,1.253664059,1.290731214,1.248440089,0.99052571,0.921845913,0.967933523,male,19,16,17,8,7,15,8,23,11,4,0,0.967592593,NA,NA,NA,NA,0.214739454,1.079688137
5.448964617,161.4160157,0.794909574,5.237291185,180.0944429,0.355103724,5.218031405,191.6181862,0.567807779,5.719331214,187.6099538,0.496223376,5.335775065,157.4537676,0.612854368,6.958477777,182.5620816,0.762060153,11.33179308,282.8317643,1.908251316,5.002429032,138.173713,0.355683832,1.721361805,1.289557973,0.405134641,0.496356046,0.430555556,0.534722222,1.713962833,1.777415205,1.660203802,1.461559524,1.260594504,1.129566865,female,20,12,14,5,10,10,7,17,13,6,0,0.800925926,1.345189736,1.237732202,1.457201615,1.23344042,0.871979846,0.944254738
7.096045548,271.590218,0.606976974,5.980665516,205.911658,0.306871608,7.702559182,271.8820638,0.77950056,5.689490113,207.190515,0.379097721,7.101091377,247.959065,0.696815587,4.124153462,137.5152225,0.250834248,14.48829271,393.0728661,1.981747156,4.860324916,151.6762142,0.27206672,1.767864376,1.313459901,0.384930296,0.436510752,0.344907407,0.520833333,1.747112589,1.809924745,1.750043994,1.212152875,1.474126458,1.288270836,female,18,19,15,8,17,15,6,21,18,12,0,0.715277778,1.015553999,1.066673204,0.981691074,0.978927129,0.951120611,0.988345557
6.526291835,134.354542,0.744789134,3.695131286,136.0127493,0.292746674,11.01026366,165.2212687,0.657278539,3.1639521,111.9769465,0.246406311,7.377253714,187.4157191,0.772890305,4.21798432,123.350919,0.300730568,13.16265105,272.0761322,2.19175105,7.975079898,186.7721025,0.633157733,1.102408533,0.924126444,0.212604718,0.276386996,0.414351852,0.083333333,1.106976741,1.10066502,1.099976776,0.948666777,0.886037562,0.941639718,male,18,20,27,15,10,14,14,28,18,10,0,0.868055556,NA,NA,NA,NA,0.091490329,1.041864243
4.357656031,153.4076741,0.446103929,4.001243137,97.82572977,0.187590125,5.128523415,153.3495298,0.583643995,4.150166563,150.6586237,0.18015351,4.733276924,165.9508724,0.519440069,4.785905199,146.5426383,0.216158117,12.09600031,294.8994458,1.811269099,3.71456058,100.5235692,0.189878002,1.976300205,1.857405512,0.291480844,0.379663142,0.456018519,0.548611111,2.005949283,1.957727638,1.969239995,1.850845993,1.854311554,1.867233406,female,18,13,11,6,13,8,2,10,12,8,0,0.694444444,0.922246122,0.9511118,0.920320329,0.93118171,1.172306347,0.865600584
6.654311301,254.0034376,0.578145099,5.453642553,189.049196,0.291231698,5.947981604,184.8417974,0.543572711,4.804367611,142.3426644,0.232824656,7.156480496,215.2343993,0.619137512,6.00081078,203.6512729,0.227177803,12.00109362,298.5148782,1.887211953,4.971480744,140.2782132,0.288950674,1.428845558,1.10971687,0.362326566,0.295554489,0.414351852,0.472222222,1.427157213,1.40431101,1.454867458,1.08474803,1.095003211,1.138353279,male,18,9,32,19,1,7,24,31,21,9,0,0.840277778,1.215534793,1.183658942,1.099049391,1.348437235,0.569384402,0.963903109
7.85062172,245.2685004,0.616862664,4.717887989,143.0396766,0.296226661,8.000320513,267.0449523,0.583936459,4.648640582,113.8793132,0.229161904,5.954312371,153.4622045,0.548680081,4.523106629,177.7764485,0.289088036,10.28182325,256.2887795,1.778266519,3.705607366,108.4360215,0.262400978,1.617811523,1.142438879,0.419422444,0.381828148,0.337962963,0.486111111,1.650669694,1.634632494,1.562564149,1.227179119,1.126542019,1.079691446,male,19,7,18,7,8,4,14,18,11,7,0,0.729166667,1.221403392,1.199887067,1.322267308,1.019251044,0.687941025,1.17224134
6.693989711,210.0402194,2.246434289,5.594747675,149.5720681,0.421727348,7.266337154,222.2211586,2.075758672,4.734635067,154.1050167,0.417396633,7.617797693,221.7552771,0.940412207,3.990971584,104.0028025,0.331376768,12.15416462,298.7034107,1.96699441,4.683071498,119.3460176,0.362140948,1.135381827,0.975385378,0.292416207,0.229611273,0.261574074,0.493055556,1.166432307,1.101203549,1.133033475,0.9942906,0.98650693,0.943086002,male,19,12,27,11,11,12,13,25,19,10,0,0.548611111,NA,NA,NA,1.039056284,0.446979549,0.778195916
5.704815687,217.2701154,0.234909137,5.260910308,146.1330159,0.208778133,5.809731632,209.9118884,0.28243949,6.042988913,190.2089828,0.273171522,6.75028526,217.570055,0.294110261,5.606480341,170.8655193,0.275802571,16.65826489,402.1698433,1.946822004,5.088121914,142.1951351,0.245072813,2.03302747,1.989826744,0.132820359,0.205751159,0.590277778,0.541666667,2.03057888,2.03457203,2.034078282,1.972927003,2.070784855,1.939256039,female,19,10,11,5,14,4,3,7,12,7,0,0.851851852,0.891665533,0.901983216,0.868486012,0.919702269,1.154313178,0.930106363
5.077045885,201.3040638,0.266284265,6.108010222,174.3014493,0.233146141,5.869025574,213.6327368,0.231677244,7.377444778,233.8177573,0.235915617,5.008028371,217.2682765,0.302198661,6.243143471,199.7576526,0.253390766,16.96770819,426.0492783,1.888651165,6.087973934,175.125174,0.235219607,2.04082523,2.044110848,0.134430919,0.125132178,0.412037037,0.548611111,2.036116274,2.047682924,2.037642497,2.0526824,2.0190792,2.07012507,female,18,6,26,18,4,8,16,24,16,16,0,0.819444444,0.827779743,0.818584468,0.856540967,0.811727178,1.233697812,0.846675812
5.03261507,181.6034228,0.656301374,4.567844763,145.7461129,0.250218465,5.491203719,202.3365018,0.707045044,3.924229144,115.9071487,0.502091841,5.884241936,161.7652353,0.603444295,4.221115252,121.2488857,0.2593851,10.28914642,253.2254299,1.855989157,4.218141754,116.5121043,0.294727768,1.827111361,1.57618539,0.407828868,0.508263636,0.351851852,0.513888889,1.787000382,1.864351083,1.830730425,1.612763091,1.488054047,1.630787174,male,18,9,24,13,4,9,10,19,15,15,0,0.717592593,0.941200749,0.880472325,0.952255917,1.005112513,0.802294099,1.128089576
